{"cameraMode":{"drawMode":0,"name":"Shaded","section":"Shading Mode"},"sceneLighting":true,"audioPlay":false,"sceneViewState":{"m_AlwaysRefresh":false,"showFog":true,"showSkybox":true,"showFlares":true,"showImageEffects":true,"showParticleSystems":true,"showVisualEffectGraphs":true,"m_FxEnabled":true},"in2DMode":false,"pivot":{"x":-0.3239389955997467,"y":2.845188617706299,"z":4.643841743469238},"rotation":{"x":-0.1021190881729126,"y":0.017007725313305856,"z":-0.0018073568353429437,"w":-0.9946576952934265},"size":10.328147888183594,"orthographic":false}